username,comment,videoid,title,views,likes,dislikes,polarity,label
Maisie Mears,Only here because 2019 wasn‚Äôt even a rewind ffs,Rewind 2015,YouTube Rewind: Now Watch Me 2015 | #YouTubeRewind,151641936,2899029,208570,0.0,neutral
iambirb,5 years later and I just now realize the dance battle was about the dress.,Rewind 2015,YouTube Rewind: Now Watch Me 2015 | #YouTubeRewind,151641936,2899029,208570,0.0,neutral
juliaa,this made me so nostalgic i felt like crying. THIS is a rewind. one of the best.,Rewind 2015,YouTube Rewind: Now Watch Me 2015 | #YouTubeRewind,151641936,2899029,208570,0.10000000000000002,positive
Erf Boy,Only people who hated Rewind 2019 can like this comment,Rewind 2015,YouTube Rewind: Now Watch Me 2015 | #YouTubeRewind,151641936,2899029,208570,-0.45,negative
Mohit,who else is here after the terrible 2018 rewind?,Rewind 2015,YouTube Rewind: Now Watch Me 2015 | #YouTubeRewind,151641936,2899029,208570,-1.0,negative
Benji‚Äôs Adventure Time,Who‚Äùs here after the 2019 bad rewind,Rewind 2015,YouTube Rewind: Now Watch Me 2015 | #YouTubeRewind,151641936,2899029,208570,-0.6999999999999998,negative
Google Demonetization,"Hey look, it‚Äôs back when rewind was good.",Rewind 2015,YouTube Rewind: Now Watch Me 2015 | #YouTubeRewind,151641936,2899029,208570,0.35,positive
Kaitlyn,This is the best rewind. 2019 is literally a count down.... I want one like this YouTube!,Rewind 2015,YouTube Rewind: Now Watch Me 2015 | #YouTubeRewind,151641936,2899029,208570,0.4027777777777778,positive
EyBeDo Gamer,"2:47

Even FNaF in 2015 Rewind fits better than Fortnite in 2019 Rewind.

2019 Rewind is most disliked video in 2019.It's pathetic,but deserve this.",Rewind 2015,YouTube Rewind: Now Watch Me 2015 | #YouTubeRewind,151641936,2899029,208570,0.26666666666666666,positive
DOT COM,Coming back to wash my eyes,Rewind 2015,YouTube Rewind: Now Watch Me 2015 | #YouTubeRewind,151641936,2899029,208570,0.0,neutral
Nadir Elaouni,Who is here in 2019 trying to see what went wrong with rewind,Rewind 2015,YouTube Rewind: Now Watch Me 2015 | #YouTubeRewind,151641936,2899029,208570,-0.5,negative
Luis Jaimes,Only people who hated rewind 2019 can like this comment,Rewind 2015,YouTube Rewind: Now Watch Me 2015 | #YouTubeRewind,151641936,2899029,208570,-0.45,negative
annoying commenter,Whos here after watching that horrible 2019 rewind in 2020,Rewind 2015,YouTube Rewind: Now Watch Me 2015 | #YouTubeRewind,151641936,2899029,208570,-1.0,negative
dangerhamster,"Lol everyone is commenting that 2019 Rewind was so bad and this was the best one, and yet I remember everyone complaining about this one when it came out (look at the dislikes). The internet is so fickle üòÖ",Rewind 2015,YouTube Rewind: Now Watch Me 2015 | #YouTubeRewind,151641936,2899029,208570,0.3666666666666667,positive
RIFLEX,The good ole day when the bus was on the ground,Rewind 2015,YouTube Rewind: Now Watch Me 2015 | #YouTubeRewind,151641936,2899029,208570,0.7,positive
RaNdoM270,Who else is here after YouTube Rewind 2019‚Äôs fail,Rewind 2015,YouTube Rewind: Now Watch Me 2015 | #YouTubeRewind,151641936,2899029,208570,-0.5,negative
Torey Cooley,"2015: lvl 100 boss
2016:lvl 55 gangster
2016: lvl 10 mercenary
2017: lvl 5 crook
2018: lvl 3 drug dealer
2019: lvl 1 crack head",Rewind 2015,YouTube Rewind: Now Watch Me 2015 | #YouTubeRewind,151641936,2899029,208570,0.0,neutral
Obviously Ferrets,I‚Äôm here trying to find a decent rewind,Rewind 2015,YouTube Rewind: Now Watch Me 2015 | #YouTubeRewind,151641936,2899029,208570,0.16666666666666666,positive
Bruke fekadu,Who came here to clean their ears after YouTube rewind 2019üòÇ,Rewind 2015,YouTube Rewind: Now Watch Me 2015 | #YouTubeRewind,151641936,2899029,208570,0.3666666666666667,positive
17 subs with no vids,"Okay, let‚Äôs be honest this is one of the best rewinds",Rewind 2015,YouTube Rewind: Now Watch Me 2015 | #YouTubeRewind,151641936,2899029,208570,0.7000000000000001,positive
Bot_ Bogy,Only here bc 2019 rewind was horrible and it was a repost not a rewind,Rewind 2015,YouTube Rewind: Now Watch Me 2015 | #YouTubeRewind,151641936,2899029,208570,-0.5,negative
Ooooo01,Can‚Äôt believe 2015 was 5 years ago doesn‚Äôt feel like it :(,Rewind 2015,YouTube Rewind: Now Watch Me 2015 | #YouTubeRewind,151641936,2899029,208570,-0.75,negative
A Golden Rune,"They actually put a good reference in there
Didn't expect FNAF music",Rewind 2015,YouTube Rewind: Now Watch Me 2015 | #YouTubeRewind,151641936,2899029,208570,0.35,positive
Sigr√∫n Bj√∂rk J√≥hannsd√≥ttir,Oh the good old days when YouTube rewind was actually good  and not cringe or a watchmojo video,Rewind 2015,YouTube Rewind: Now Watch Me 2015 | #YouTubeRewind,151641936,2899029,208570,0.5,positive
TVFilthyFrank,Youtube paid me NOT to be in the video,Rewind 2015,YouTube Rewind: Now Watch Me 2015 | #YouTubeRewind,151641936,2899029,208570,0.0,neutral
mihajlo nerand≈æic,This is soo better that the 2019 one,Rewind 2015,YouTube Rewind: Now Watch Me 2015 | #YouTubeRewind,151641936,2899029,208570,0.5,positive
Yeet Meta,Who else is here after the terrible 2019 rewind?,Rewind 2015,YouTube Rewind: Now Watch Me 2015 | #YouTubeRewind,151641936,2899029,208570,-1.0,negative
Mr. Pikileypop,Who‚Äôs watching dis in 2020,Rewind 2015,YouTube Rewind: Now Watch Me 2015 | #YouTubeRewind,151641936,2899029,208570,0.0,neutral
Matias Alvarez,Only people ho hated rewind 2019 can like this,Rewind 2015,YouTube Rewind: Now Watch Me 2015 | #YouTubeRewind,151641936,2899029,208570,-0.45,negative
kiana maree,who‚Äôs visiting the old rewinds because 2018 was soo bad üôãüèΩ‚Äç‚ôÄÔ∏è,Rewind 2015,YouTube Rewind: Now Watch Me 2015 | #YouTubeRewind,151641936,2899029,208570,-0.29999999999999993,negative
Elias Alejandro Gonz√°lez,"¬øEl √∫ltimo o el √∫nico rewind bueno?
Like si lo vez en 2020",Rewind 2015,YouTube Rewind: Now Watch Me 2015 | #YouTubeRewind,151641936,2899029,208570,0.0,neutral
-FidKate LOL-,2:47 - my favourite moment,Rewind 2015,YouTube Rewind: Now Watch Me 2015 | #YouTubeRewind,151641936,2899029,208570,0.0,neutral
Friends Ever Together,"This is my favorite rewind because  YouTube didn't want to make it ""cooler"" and it looks like in this video he didn't care about the dislikes or the comments",Rewind 2015,YouTube Rewind: Now Watch Me 2015 | #YouTubeRewind,151641936,2899029,208570,0.5,positive
Ludi et Historia,"After the google analytics 2019, this is a refreshing breath of air.",Rewind 2015,YouTube Rewind: Now Watch Me 2015 | #YouTubeRewind,151641936,2899029,208570,0.5,positive
"Eme, el chico ejemplar",This was a real Youtube Rewind,Rewind 2015,YouTube Rewind: Now Watch Me 2015 | #YouTubeRewind,151641936,2899029,208570,0.2,positive
Blistshot,2:13 all the motivation you'll ever need and more,Rewind 2015,YouTube Rewind: Now Watch Me 2015 | #YouTubeRewind,151641936,2899029,208570,0.5,positive
Thanh Thuy Nguyen,I came here because in the 2019 PewDiePie said this was good,Rewind 2015,YouTube Rewind: Now Watch Me 2015 | #YouTubeRewind,151641936,2899029,208570,0.7,positive
Feet„ÉÑ,Why YouTube rewind 2018 and 2019. Have so much dislikes? :(,Rewind 2015,YouTube Rewind: Now Watch Me 2015 | #YouTubeRewind,151641936,2899029,208570,-0.275,negative
Gabriel Chaves,"This lit was the best because it was only the YouTube es having fun , it wasn‚Äôt so elaborated.",Rewind 2015,YouTube Rewind: Now Watch Me 2015 | #YouTubeRewind,151641936,2899029,208570,0.43333333333333335,positive
Ungur Cristi-Andrei,I'm here to forget the worst rewind in 2018.,Rewind 2015,YouTube Rewind: Now Watch Me 2015 | #YouTubeRewind,151641936,2899029,208570,-1.0,negative
tessa van der heijden,i came back to this for fnaf and my heart just randomly skips a beat at the iconic music box sound,Rewind 2015,YouTube Rewind: Now Watch Me 2015 | #YouTubeRewind,151641936,2899029,208570,0.1,positive
Darkoes1,This is when it started going poorly.,Rewind 2015,YouTube Rewind: Now Watch Me 2015 | #YouTubeRewind,151641936,2899029,208570,-0.4,negative
Sarthak Srivastava,"So, came back huh, to see a rewind that is not shitty.",Rewind 2015,YouTube Rewind: Now Watch Me 2015 | #YouTubeRewind,151641936,2899029,208570,0.0,neutral
mobile_pac,who‚Äôs here before the 2020 rewind but after the 2019? :0,Rewind 2015,YouTube Rewind: Now Watch Me 2015 | #YouTubeRewind,151641936,2899029,208570,0.0,neutral
Mr oofer The memester,The days when the bus was on the ground,Rewind 2015,YouTube Rewind: Now Watch Me 2015 | #YouTubeRewind,151641936,2899029,208570,0.0,neutral
MrTimTom,I miss when YouTube rewind was actually good.,Rewind 2015,YouTube Rewind: Now Watch Me 2015 | #YouTubeRewind,151641936,2899029,208570,0.7,positive
theminecraftpro rewritten,The dislikes are from 2019 fans.,Rewind 2015,YouTube Rewind: Now Watch Me 2015 | #YouTubeRewind,151641936,2899029,208570,0.0,neutral
RaggaMuffiner,"from 3:57 onwards, i just get goosebumps at how good this was",Rewind 2015,YouTube Rewind: Now Watch Me 2015 | #YouTubeRewind,151641936,2899029,208570,0.7,positive
Todoroki Shoto,When YouTube used to be creative cough cough 2019,Rewind 2015,YouTube Rewind: Now Watch Me 2015 | #YouTubeRewind,151641936,2899029,208570,0.5,positive
IndoGamer93,Let's take a minute here and leave 2018,Rewind 2015,YouTube Rewind: Now Watch Me 2015 | #YouTubeRewind,151641936,2899029,208570,0.0,neutral
Jaya Shree,2:47 memories bro,Rewind 2015,YouTube Rewind: Now Watch Me 2015 | #YouTubeRewind,151641936,2899029,208570,0.0,neutral
CB,anybody else get this in their recommended section in 2019?,Rewind 2015,YouTube Rewind: Now Watch Me 2015 | #YouTubeRewind,151641936,2899029,208570,0.0,neutral
RatedR CarC,I‚Äôm tryna to see what went wrong after 2017 rewind,Rewind 2015,YouTube Rewind: Now Watch Me 2015 | #YouTubeRewind,151641936,2899029,208570,-0.5,negative
LoneBeast,Those were the days when we eagerly waited for the YouTube rewind üòû,Rewind 2015,YouTube Rewind: Now Watch Me 2015 | #YouTubeRewind,151641936,2899029,208570,0.0,neutral
Ghostgirl 708,"This was definitely one of the best ones, it summed up the trends and people of 2015 well, and they brought in good, memorable people. I wish they did more like this.",Rewind 2015,YouTube Rewind: Now Watch Me 2015 | #YouTubeRewind,151641936,2899029,208570,0.54,positive
xXWashiestTitan_72Xx,"This one was my favorite.üòå








And still isüòå",Rewind 2015,YouTube Rewind: Now Watch Me 2015 | #YouTubeRewind,151641936,2899029,208570,0.0,neutral
Medic Medic,"It‚Äôs almost as if when youtube cares about creators that the users actually like, rewind works out.",Rewind 2015,YouTube Rewind: Now Watch Me 2015 | #YouTubeRewind,151641936,2899029,208570,0.0,neutral
The Meme Villager,"1:53 this bus was later turned into the battle bus. Sad, i know.",Rewind 2015,YouTube Rewind: Now Watch Me 2015 | #YouTubeRewind,151641936,2899029,208570,-0.25,negative
Rodrigo Ferreira,Definitely the best and the last one that was actually good,Rewind 2015,YouTube Rewind: Now Watch Me 2015 | #YouTubeRewind,151641936,2899029,208570,0.425,positive
HowToBasic,Needs more eggs,Rewind 2015,YouTube Rewind: Now Watch Me 2015 | #YouTubeRewind,151641936,2899029,208570,0.5,positive
Alex Saldana Briones,4:31 who missed the old Smosh when Anthony didn‚Äôt leave yetüòì,Rewind 2015,YouTube Rewind: Now Watch Me 2015 | #YouTubeRewind,151641936,2899029,208570,0.1,positive
angelica ls,"Nose pero este rewind me hizo sentir que √©ramos felices y no lo sab√≠amos, hab√≠a varios youtuber y salieron en este rewind creo que fue el arte de este rewind",Rewind 2015,YouTube Rewind: Now Watch Me 2015 | #YouTubeRewind,151641936,2899029,208570,0.0,neutral
Strawberry_Lemxnade,I wish they still did them as good as this...,Rewind 2015,YouTube Rewind: Now Watch Me 2015 | #YouTubeRewind,151641936,2899029,208570,0.7,positive
Bob Smith,"I've been watching every rewind since 2012, cos I was disappointed by this year's rewind, and I'm just seeing the dislikes creep up each year, until the tragedy of 2018",Rewind 2015,YouTube Rewind: Now Watch Me 2015 | #YouTubeRewind,151641936,2899029,208570,-0.75,negative
lol lol,"2015= Real YouTubers 


2018= Viners, cringe people (except the animators because they saved it 10%)",Rewind 2015,YouTube Rewind: Now Watch Me 2015 | #YouTubeRewind,151641936,2899029,208570,0.2,positive
Riverninjaslay2 !,When you remember watch me whip and nae nae üß† memories,Rewind 2015,YouTube Rewind: Now Watch Me 2015 | #YouTubeRewind,151641936,2899029,208570,0.0,neutral
James Place,the only reason why I'm watching tis is because Markiplier is in it,Rewind 2015,YouTube Rewind: Now Watch Me 2015 | #YouTubeRewind,151641936,2899029,208570,0.0,neutral
Keri,"Sup, I‚Äôm from 4 years in the future",Rewind 2015,YouTube Rewind: Now Watch Me 2015 | #YouTubeRewind,151641936,2899029,208570,0.0,neutral
Nicolas Chavez,"Que te paso youtube, antes eras chevere ;w;",Rewind 2015,YouTube Rewind: Now Watch Me 2015 | #YouTubeRewind,151641936,2899029,208570,0.0,neutral
Hibby,2020 lets get that glove -,Rewind 2015,YouTube Rewind: Now Watch Me 2015 | #YouTubeRewind,151641936,2899029,208570,0.0,neutral
Mariano Rusca,I want this kind of rewind in 2020,Rewind 2015,YouTube Rewind: Now Watch Me 2015 | #YouTubeRewind,151641936,2899029,208570,0.6,positive
Heiliger Angel,2015: The last year of YouTube Golden Age,Rewind 2015,YouTube Rewind: Now Watch Me 2015 | #YouTubeRewind,151641936,2899029,208570,0.15,positive
Zach-Gamer-101 Playz,"2020:t-series 
Me:NOOOOOOOOOOOOOOOOOOOOOOOOOO god help me",Rewind 2015,YouTube Rewind: Now Watch Me 2015 | #YouTubeRewind,151641936,2899029,208570,0.0,neutral
zyrus penalba,Better than top 10 mojo videos of 2019 youtube rewind,Rewind 2015,YouTube Rewind: Now Watch Me 2015 | #YouTubeRewind,151641936,2899029,208570,0.5,positive
Dantheman,Who's coming after that sucker 2018 rewind ?,Rewind 2015,YouTube Rewind: Now Watch Me 2015 | #YouTubeRewind,151641936,2899029,208570,-0.3,negative
joe rock,Slosh when they were together it does bring a tear to my eye,Rewind 2015,YouTube Rewind: Now Watch Me 2015 | #YouTubeRewind,151641936,2899029,208570,0.0,neutral
AJKR sings,"(hears fnaf puppet music)
Me: ""YES""",Rewind 2015,YouTube Rewind: Now Watch Me 2015 | #YouTubeRewind,151641936,2899029,208570,0.0,neutral
DaddyFreud,Remember when the YouTube rewinds where good?,Rewind 2015,YouTube Rewind: Now Watch Me 2015 | #YouTubeRewind,151641936,2899029,208570,0.7,positive
Tiffany Li,The ending made me cry when this came out,Rewind 2015,YouTube Rewind: Now Watch Me 2015 | #YouTubeRewind,151641936,2899029,208570,0.0,neutral
Hope G.,I‚Äôm going back through all the rewinds to compare to this years...don‚Äôt mind me.,Rewind 2015,YouTube Rewind: Now Watch Me 2015 | #YouTubeRewind,151641936,2899029,208570,0.0,neutral
JMO Kangaroo,"Youtube recommended this rewind bc of ""2019 rewind""",Rewind 2015,YouTube Rewind: Now Watch Me 2015 | #YouTubeRewind,151641936,2899029,208570,0.0,neutral
hiram 60hz,1:30 Mi parte favorita y creo que tambi√©n para la mayoria de los hispanohablantes,Rewind 2015,YouTube Rewind: Now Watch Me 2015 | #YouTubeRewind,151641936,2899029,208570,0.0,neutral
Helo√≠sa dib,"Rewind 2015: actually good
2019: what is rewind?",Rewind 2015,YouTube Rewind: Now Watch Me 2015 | #YouTubeRewind,151641936,2899029,208570,0.7,positive
Joshua Pi√±on,"4:13 , thank you Avicii",Rewind 2015,YouTube Rewind: Now Watch Me 2015 | #YouTubeRewind,151641936,2899029,208570,0.0,neutral
Johnathan Velasquez,"Diseases name:
YouTube rewind 2018
Cure:
YouTube rewind 2015",Rewind 2015,YouTube Rewind: Now Watch Me 2015 | #YouTubeRewind,151641936,2899029,208570,0.0,neutral
Potato Pedro,Bro‚Äôs who‚Äôs watching this after rewind 2019 just to remember when YouTube made good rewinds,Rewind 2015,YouTube Rewind: Now Watch Me 2015 | #YouTubeRewind,151641936,2899029,208570,0.7,positive
advertising,the nostalgia...,Rewind 2015,YouTube Rewind: Now Watch Me 2015 | #YouTubeRewind,151641936,2899029,208570,0.0,neutral
Selena Blackburn,"Anyone 2020?
who liked the Markiplier part, I DID!",Rewind 2015,YouTube Rewind: Now Watch Me 2015 | #YouTubeRewind,151641936,2899029,208570,0.75,positive
Casecation,Smosh was in this omg this was back when it wasn‚Äôt all about advertisement smh they could have youtubers who swore,Rewind 2015,YouTube Rewind: Now Watch Me 2015 | #YouTubeRewind,151641936,2899029,208570,0.0,neutral
Max Ospovat,Anyone else here after the dissapointment of 2018 rewind?,Rewind 2015,YouTube Rewind: Now Watch Me 2015 | #YouTubeRewind,151641936,2899029,208570,0.0,neutral
GACHA KIKI,I feel like this one is better than 2019 rewind,Rewind 2015,YouTube Rewind: Now Watch Me 2015 | #YouTubeRewind,151641936,2899029,208570,0.5,positive
TheDarkNeko117,2019: A  T O P,Rewind 2015,YouTube Rewind: Now Watch Me 2015 | #YouTubeRewind,151641936,2899029,208570,0.0,neutral
Mariah c.,I only came here for the fnaf part!!! Who else?!,Rewind 2015,YouTube Rewind: Now Watch Me 2015 | #YouTubeRewind,151641936,2899029,208570,0.0,neutral
Royal Peach Productions TM,"I never even watched the rewinds before 2017, and when I look back, I ask myself, ‚Äúwhat happened?‚Äù",Rewind 2015,YouTube Rewind: Now Watch Me 2015 | #YouTubeRewind,151641936,2899029,208570,0.0,neutral
Wunder Bread,"2015: 193k dislikes in 3 years

2018: 6million dislikes in 3 days",Rewind 2015,YouTube Rewind: Now Watch Me 2015 | #YouTubeRewind,151641936,2899029,208570,0.0,neutral
JIVIN J,"2015 rewind-perfection by Youtube 
2019 rewind-Youtube rewind 2018:everyone controls rewind part 2",Rewind 2015,YouTube Rewind: Now Watch Me 2015 | #YouTubeRewind,151641936,2899029,208570,0.0,neutral
Rupashree Dalasingh,2018-19 rewind made me realised that THIS WAS THE BEST YOUTUBE REWIND OF THIS UNIVERSE. period.,Rewind 2015,YouTube Rewind: Now Watch Me 2015 | #YouTubeRewind,151641936,2899029,208570,1.0,positive
shahmurad junejo,"When there is pewdiepie 
It is favourite",Rewind 2015,YouTube Rewind: Now Watch Me 2015 | #YouTubeRewind,151641936,2899029,208570,0.0,neutral
KENT,2019? hahaah just reminiscing good memories,Rewind 2015,YouTube Rewind: Now Watch Me 2015 | #YouTubeRewind,151641936,2899029,208570,0.7,positive
Safir,"One of the last Rewinds that was actually about Youtube.

Subscribe to Pewdiepie not me",Rewind 2015,YouTube Rewind: Now Watch Me 2015 | #YouTubeRewind,151641936,2899029,208570,0.0,neutral
Joseph Espinoza,Like si sigues viendo los rewind pasados luego de la porquer√≠a del rewind 2019,Rewind 2015,YouTube Rewind: Now Watch Me 2015 | #YouTubeRewind,151641936,2899029,208570,0.0,neutral
RecordHeat,"Honestly, this is so nostalgic.",Rewind 2015,YouTube Rewind: Now Watch Me 2015 | #YouTubeRewind,151641936,2899029,208570,0.04999999999999999,positive
Rei Ichikawa,why are the old rewinds so good??,Rewind 2015,YouTube Rewind: Now Watch Me 2015 | #YouTubeRewind,151641936,2899029,208570,0.39999999999999997,positive
Kristin Warren,"My first reaction in 2015 : wtf
Me in 2019 :this Is a masterpiece!",Rewind 2015,YouTube Rewind: Now Watch Me 2015 | #YouTubeRewind,151641936,2899029,208570,-0.1875,negative
Vivian Trowbridge,Man this was a good rewind. Wish 2019‚Äôs wasn‚Äôt just statistics and had this feel.,Rewind 2015,YouTube Rewind: Now Watch Me 2015 | #YouTubeRewind,151641936,2899029,208570,0.7,positive
Wagwan.Shennel,Here after the HORRIBLE NOT EVEN A REWIND OF 2019 This is my all time favorite,Rewind 2015,YouTube Rewind: Now Watch Me 2015 | #YouTubeRewind,151641936,2899029,208570,-0.25,negative
Kim Grace,This one is much better than 2019 for sure :(,Rewind 2015,YouTube Rewind: Now Watch Me 2015 | #YouTubeRewind,151641936,2899029,208570,0.08333333333333333,positive
sovietpepsi13,"YEEEEEEEEEAAAAAAAHHHH
Its REWIND Time!!!",Rewind 2015,YouTube Rewind: Now Watch Me 2015 | #YouTubeRewind,151641936,2899029,208570,0.0,neutral
TR troy TR „ÉÑ,4:29 so much years and I realized that guy is the double rainbow guy,Rewind 2015,YouTube Rewind: Now Watch Me 2015 | #YouTubeRewind,151641936,2899029,208570,0.1,positive
international playboy,who else is here bc rewind 2017 was so bad lmao,Rewind 2015,YouTube Rewind: Now Watch Me 2015 | #YouTubeRewind,151641936,2899029,208570,-0.04999999999999993,negative
Team SpeechlesSix,This is the best Youtube Rewind. i came here to remove yt rewind 2019 off my mind,Rewind 2015,YouTube Rewind: Now Watch Me 2015 | #YouTubeRewind,151641936,2899029,208570,1.0,positive
NicaVeronica,Re-watching all Rewinds from 2013 makes me cry tears of nostalgia,Rewind 2015,YouTube Rewind: Now Watch Me 2015 | #YouTubeRewind,151641936,2899029,208570,0.0,neutral
Lawrence Fong,I mean looking back watching these kind of rewind really makes me feel rewinding,Rewind 2015,YouTube Rewind: Now Watch Me 2015 | #YouTubeRewind,151641936,2899029,208570,0.121875,positive
DestroSoldier,It's so funny seeing how many dislikes these earlier ones have only in the 1-4.5k dislikes when 2018 has 16+ million dislikes,Rewind 2015,YouTube Rewind: Now Watch Me 2015 | #YouTubeRewind,151641936,2899029,208570,0.1875,positive
RoBoVader,Anyone come back to this one after seeing the shitty 2018 one?,Rewind 2015,YouTube Rewind: Now Watch Me 2015 | #YouTubeRewind,151641936,2899029,208570,0.0,neutral
RadC,The Best rewind :'),Rewind 2015,YouTube Rewind: Now Watch Me 2015 | #YouTubeRewind,151641936,2899029,208570,1.0,positive
Ariella,This one was absolutely insane üòçü•∞ still my fave,Rewind 2015,YouTube Rewind: Now Watch Me 2015 | #YouTubeRewind,151641936,2899029,208570,-1.0,negative
Galaxy Garnet,Rewatched this and cried. I miss being happy like i was this year,Rewind 2015,YouTube Rewind: Now Watch Me 2015 | #YouTubeRewind,151641936,2899029,208570,0.8,positive
Just A Wolf,this just goes to show how amazing YouTube was...and boy was it great,Rewind 2015,YouTube Rewind: Now Watch Me 2015 | #YouTubeRewind,151641936,2899029,208570,0.7000000000000001,positive
CptRussia,The last good youtube rewind,Rewind 2015,YouTube Rewind: Now Watch Me 2015 | #YouTubeRewind,151641936,2899029,208570,0.35,positive
LovinqSierra,"everyone else: saying how they're only here because 2019 sucked


me: OMG IS THAT THE KEURIG GUY",Rewind 2015,YouTube Rewind: Now Watch Me 2015 | #YouTubeRewind,151641936,2899029,208570,0.0,neutral
Coleen Rauled Sullano,"2017 is also good !!!i love the mix of songs.

 2019 was just a compilation not a rewind. damn!!",Rewind 2015,YouTube Rewind: Now Watch Me 2015 | #YouTubeRewind,151641936,2899029,208570,0.890625,positive
your_ideal_bitch,WHO IS DEPRESSED AFTER COMPARING THIS WITH 2019?????!,Rewind 2015,YouTube Rewind: Now Watch Me 2015 | #YouTubeRewind,151641936,2899029,208570,0.0,neutral
Eric Mckay,What was so wrong about youtube rewind 2019?!,Rewind 2015,YouTube Rewind: Now Watch Me 2015 | #YouTubeRewind,151641936,2899029,208570,-0.625,negative
Grotn',This was probably the last rewind that was actually good :/,Rewind 2015,YouTube Rewind: Now Watch Me 2015 | #YouTubeRewind,151641936,2899029,208570,0.15,positive
Shahrizal Ry's,After watching Youtube Rewind 2019 and i came along watching other years Youtube Rewind. Who else ?! Which year is the best ?,Rewind 2015,YouTube Rewind: Now Watch Me 2015 | #YouTubeRewind,151641936,2899029,208570,0.421875,positive
Anas Humaiyun,"Coming Back To Wash My Eyes, Again‚úåüòê",Rewind 2015,YouTube Rewind: Now Watch Me 2015 | #YouTubeRewind,151641936,2899029,208570,0.0,neutral
Matthew Pratt,"Music‚úîÔ∏è
The year I originally started watching YouTube ‚úîÔ∏è
Some of my favorite songs ‚úîÔ∏è",Rewind 2015,YouTube Rewind: Now Watch Me 2015 | #YouTubeRewind,151641936,2899029,208570,0.4375,positive
Nate Cavenmiller,"This was the best rewind. So much fun, so memorable",Rewind 2015,YouTube Rewind: Now Watch Me 2015 | #YouTubeRewind,151641936,2899029,208570,0.6,positive
Pro Launchpadder,Who is also watching this after the 2018 Rewind?,Rewind 2015,YouTube Rewind: Now Watch Me 2015 | #YouTubeRewind,151641936,2899029,208570,0.0,neutral
dark siders,THESE YUTUBE REWIND IS A PERFECT MASTERPIECE,Rewind 2015,YouTube Rewind: Now Watch Me 2015 | #YouTubeRewind,151641936,2899029,208570,1.0,positive
Irvin Tarin,This my favorite one out all of them,Rewind 2015,YouTube Rewind: Now Watch Me 2015 | #YouTubeRewind,151641936,2899029,208570,0.5,positive
Vasco,"This year was awesome, with such great video games",Rewind 2015,YouTube Rewind: Now Watch Me 2015 | #YouTubeRewind,151641936,2899029,208570,0.6,positive
JimBlock999,"Me: Best Rewind of all times, haven't seen any newer ones though. Are there more?
All: No.",Rewind 2015,YouTube Rewind: Now Watch Me 2015 | #YouTubeRewind,151641936,2899029,208570,0.75,positive
JiKoOk iS mY ReLiGiOn,When busses used to be on the ground instead of in the air.,Rewind 2015,YouTube Rewind: Now Watch Me 2015 | #YouTubeRewind,151641936,2899029,208570,0.0,neutral
Andes Santiago Torres,When I see all the rewinds a lot of flash backs can be find in my memory,Rewind 2015,YouTube Rewind: Now Watch Me 2015 | #YouTubeRewind,151641936,2899029,208570,0.0,neutral
Elizabeth Rechenberg,this just made me so happy lol,Rewind 2015,YouTube Rewind: Now Watch Me 2015 | #YouTubeRewind,151641936,2899029,208570,0.8,positive
ÍßÅapricotÍßÇ ‚Ä¢ 10 years ago,"Honestly this ones my favorite, it had the most recognizable (for me) youtubers and was lowkey wholesome

My favorite wasn‚Äôt the older ones because of nostalgia, or the newer ones cause of trends, just this one cause of variety and uniqueness",Rewind 2015,YouTube Rewind: Now Watch Me 2015 | #YouTubeRewind,151641936,2899029,208570,0.41944444444444445,positive
BadCommenter,Never thought 2015 would give me so much nostalgia.,Rewind 2015,YouTube Rewind: Now Watch Me 2015 | #YouTubeRewind,151641936,2899029,208570,0.2,positive
Yowaidesu,"People would like to call this rewind
‚ÄúThe last good rewind‚Äù",Rewind 2015,YouTube Rewind: Now Watch Me 2015 | #YouTubeRewind,151641936,2899029,208570,0.35,positive
Kartik Yadav,makes me miss 2015 and have 0 appreciation for 2019,Rewind 2015,YouTube Rewind: Now Watch Me 2015 | #YouTubeRewind,151641936,2899029,208570,0.0,neutral
ashraf kamal,2:58 creepiest scene nuu matpat u aren‚Äôt insane,Rewind 2015,YouTube Rewind: Now Watch Me 2015 | #YouTubeRewind,151641936,2899029,208570,-1.0,negative
Jedany,My Favorite YouTube Rewind <3,Rewind 2015,YouTube Rewind: Now Watch Me 2015 | #YouTubeRewind,151641936,2899029,208570,0.75,positive
FruitPunch Samurai,"Me after watching Youtube rewind 2017 and 2018: 
6:28",Rewind 2015,YouTube Rewind: Now Watch Me 2015 | #YouTubeRewind,151641936,2899029,208570,0.0,neutral
Doici,"Came here to clean my eyes, because of this year's rewind.",Rewind 2015,YouTube Rewind: Now Watch Me 2015 | #YouTubeRewind,151641936,2899029,208570,0.3666666666666667,positive
m o o d .,3:30 Is that the same place/cage they used in Sia‚Äôs music video Elastic Heart?,Rewind 2015,YouTube Rewind: Now Watch Me 2015 | #YouTubeRewind,151641936,2899029,208570,0.0,neutral
Rockmhun,i remembered when i was looking for easter egg in this video.Good times,Rewind 2015,YouTube Rewind: Now Watch Me 2015 | #YouTubeRewind,151641936,2899029,208570,0.0,neutral
cami twig,"after watching rewind 2019, i have decided that for my own benefit, i will watch the rest of the decade‚Äôs rewinds to try and forget about 2019",Rewind 2015,YouTube Rewind: Now Watch Me 2015 | #YouTubeRewind,151641936,2899029,208570,0.6,positive
Nicholas Gamer,AND WE THOUGHT THAT WAS BAD!!M HAHAHHAHAHHAHAHSUHDGGEUDHDGYEYDFDFR!!! THINK AGAIN!!,Rewind 2015,YouTube Rewind: Now Watch Me 2015 | #YouTubeRewind,151641936,2899029,208570,0.0,neutral
crystal deer,cries because of how simple and great everything was,Rewind 2015,YouTube Rewind: Now Watch Me 2015 | #YouTubeRewind,151641936,2899029,208570,0.4,positive
Batata Frita,"not gonna lie, the dot it part is my favorite, so many people from so many parts of the world",Rewind 2015,YouTube Rewind: Now Watch Me 2015 | #YouTubeRewind,151641936,2899029,208570,0.5,positive
lps daisies,"I think 2019‚Äôs rewind was bad cause the music was bad and then the music back then, fr doe",Rewind 2015,YouTube Rewind: Now Watch Me 2015 | #YouTubeRewind,151641936,2899029,208570,-0.46666666666666656,negative
Dark Knight,2015 And 2016 Music Maker It Was Avicii Now I Know Why 2018 And 2019 Trash,Rewind 2015,YouTube Rewind: Now Watch Me 2015 | #YouTubeRewind,151641936,2899029,208570,0.0,neutral
RomitheHomi,im so pissed the I was only to watch 2017 onwards when they came out >:c,Rewind 2015,YouTube Rewind: Now Watch Me 2015 | #YouTubeRewind,151641936,2899029,208570,0.0,neutral
Tinga Zinga,"well, despite having the potential to make something like this, 2018's rewind is quite possibly the worst video made on this youtube platform.",Rewind 2015,YouTube Rewind: Now Watch Me 2015 | #YouTubeRewind,151641936,2899029,208570,-0.3333333333333333,negative
LightSkinPrincessMJones,Ahhhh a real entertaining yt rewindüò≠ü•∫ and yes watching this from 2020üò≠üò≠üíôüíô,Rewind 2015,YouTube Rewind: Now Watch Me 2015 | #YouTubeRewind,151641936,2899029,208570,0.75,positive
Hi,I really miss these kind of YouTube Rewinds :(,Rewind 2015,YouTube Rewind: Now Watch Me 2015 | #YouTubeRewind,151641936,2899029,208570,0.01666666666666668,positive
Akio_ 2003,Before depression becomes a trend... Back than it was amazing.i love the 2015 and 2016 rewind. I wish i turn the time back to 2015 or 2016.... Who agrees with me?...,Rewind 2015,YouTube Rewind: Now Watch Me 2015 | #YouTubeRewind,151641936,2899029,208570,0.16666666666666666,positive
Willows Yt,"Museum tourist guy: As we can see here we have the best YouTube rewinds

Also museum tourist guy: and here we have 2017, 2018, and 2019. We don‚Äôt know what went wrong here",Rewind 2015,YouTube Rewind: Now Watch Me 2015 | #YouTubeRewind,151641936,2899029,208570,0.25,positive
falcon gaming,Who is here after 2018 rewind!!,Rewind 2015,YouTube Rewind: Now Watch Me 2015 | #YouTubeRewind,151641936,2899029,208570,0.0,neutral
Rimuru Tempest,If you lookead at the description Avicii took part in this. We will miss you <3,Rewind 2015,YouTube Rewind: Now Watch Me 2015 | #YouTubeRewind,151641936,2899029,208570,1.0,positive
Jordan Goat,This is still the best YouTube rewindüòÇüíØ,Rewind 2015,YouTube Rewind: Now Watch Me 2015 | #YouTubeRewind,151641936,2899029,208570,1.0,positive
Content Deleted,This ones still the best,Rewind 2015,YouTube Rewind: Now Watch Me 2015 | #YouTubeRewind,151641936,2899029,208570,1.0,positive
MrMuffin16,Remember when rewind was good? Yeah me neither.,Rewind 2015,YouTube Rewind: Now Watch Me 2015 | #YouTubeRewind,151641936,2899029,208570,0.7,positive
1 D,Anyone after watching 2017 rewind???,Rewind 2015,YouTube Rewind: Now Watch Me 2015 | #YouTubeRewind,151641936,2899029,208570,0.0,neutral
Stedmentheman,"rip avicii, he did the music behind this",Rewind 2015,YouTube Rewind: Now Watch Me 2015 | #YouTubeRewind,151641936,2899029,208570,-0.4,negative
Sophia KOEROESSY,Despacito didn‚Äôt exist back then. Those were the good old days.,Rewind 2015,YouTube Rewind: Now Watch Me 2015 | #YouTubeRewind,151641936,2899029,208570,0.26666666666666666,positive
Arno Genicot,Back when there were more likes than dislikes... üòÇ,Rewind 2015,YouTube Rewind: Now Watch Me 2015 | #YouTubeRewind,151641936,2899029,208570,0.25,positive
Kersensaus,4:31 the best part in any rewind these two were the guys who started it all in my opinion they will go down as legends and the music in this part gives me goosebumps every time,Rewind 2015,YouTube Rewind: Now Watch Me 2015 | #YouTubeRewind,151641936,2899029,208570,0.4222222222222222,positive
DaSpammer58,"Rewind 2015: let‚Äôs have a party bus!
Rewind 2018: leTs hAvE a bAtTLe bUs",Rewind 2015,YouTube Rewind: Now Watch Me 2015 | #YouTubeRewind,151641936,2899029,208570,0.0,neutral
i'm mart flakes,"This is a Masterpiece 

They gold years of YouTube",Rewind 2015,YouTube Rewind: Now Watch Me 2015 | #YouTubeRewind,151641936,2899029,208570,0.0,neutral
Chi chan,"Okay, who's here because of Pewdiepie's YouTube Rewind 2019, but it's actually good?",Rewind 2015,YouTube Rewind: Now Watch Me 2015 | #YouTubeRewind,151641936,2899029,208570,0.6,positive
Tucker Mode,"Look at that,a good rewind
That's 
Something
You
Don't
See
These
Years...",Rewind 2015,YouTube Rewind: Now Watch Me 2015 | #YouTubeRewind,151641936,2899029,208570,0.7,positive
Toy toy,Coming back from 2019 for happiness,Rewind 2015,YouTube Rewind: Now Watch Me 2015 | #YouTubeRewind,151641936,2899029,208570,0.35,positive
giantWario,Here it is. The last good Rewind.,Rewind 2015,YouTube Rewind: Now Watch Me 2015 | #YouTubeRewind,151641936,2899029,208570,0.35,positive
Tiffany Li,I‚Äôm think this was one of the best rewinds in my opinion,Rewind 2015,YouTube Rewind: Now Watch Me 2015 | #YouTubeRewind,151641936,2899029,208570,1.0,positive
lady d,I‚Äôm actually here because the end of the decade is coming soon. I‚Äôm binging ALL rewinds. ‚ù§Ô∏è,Rewind 2015,YouTube Rewind: Now Watch Me 2015 | #YouTubeRewind,151641936,2899029,208570,0.0,neutral
–•–•–• AMAT–ïUR S–ï–• VID–ïO - –°LI–°–ö –ù–ïR–ï,"üî•üî•üî•üî• 
 does this song make you happy in march 
 This voice is beautiful 
 1:35 üß°üíõüß° 
  üëá üëáüî•",Rewind 2015,YouTube Rewind: Now Watch Me 2015 | #YouTubeRewind,151641936,2899029,208570,0.825,positive
sophia is a leech,when Rhett and link appeared my bones tingled,Rewind 2015,YouTube Rewind: Now Watch Me 2015 | #YouTubeRewind,151641936,2899029,208570,0.0,neutral
Yoav Bar Lev,Well atleast pewdiepie was here,Rewind 2015,YouTube Rewind: Now Watch Me 2015 | #YouTubeRewind,151641936,2899029,208570,0.0,neutral
Ethan Smith,Who else is here after the catastrophe YouTube rewind 2019 was?,Rewind 2015,YouTube Rewind: Now Watch Me 2015 | #YouTubeRewind,151641936,2899029,208570,0.0,neutral
Rhianna Rajput,Awww when Lilly Singh was actually relatable,Rewind 2015,YouTube Rewind: Now Watch Me 2015 | #YouTubeRewind,151641936,2899029,208570,0.2,positive
Olivia Noelle Diana Caroline Georgia,Remember when they used to have Easter eggs and you had to click on them and it would bring you to a secret video,Rewind 2015,YouTube Rewind: Now Watch Me 2015 | #YouTubeRewind,151641936,2899029,208570,-0.4,negative
Valentin Laperriere,"2:16
French touch üëç",Rewind 2015,YouTube Rewind: Now Watch Me 2015 | #YouTubeRewind,151641936,2899029,208570,0.0,neutral
Racoon 257,Back when youtubers like Pewdiepie and Markiplier had more than 2 seconds...these were the good old days,Rewind 2015,YouTube Rewind: Now Watch Me 2015 | #YouTubeRewind,151641936,2899029,208570,0.325,positive
Stjeeffan ‚Ä¢,"Let‚Äôs be honest, You‚Äôre here because both rewind 2018 and 2019 were disasters",Rewind 2015,YouTube Rewind: Now Watch Me 2015 | #YouTubeRewind,151641936,2899029,208570,0.6,positive
Jordyn Thomson,These where the good old days ü•∫,Rewind 2015,YouTube Rewind: Now Watch Me 2015 | #YouTubeRewind,151641936,2899029,208570,0.39999999999999997,positive
Hoorya Zar,Who came here after watching YouTube rewind 2019 and appreciated the good old days.,Rewind 2015,YouTube Rewind: Now Watch Me 2015 | #YouTubeRewind,151641936,2899029,208570,0.3333333333333333,positive
Christian Hubbard,It all went downhill after this amazing one!,Rewind 2015,YouTube Rewind: Now Watch Me 2015 | #YouTubeRewind,151641936,2899029,208570,0.7500000000000001,positive
Lauren Jewel,oof lol this is kinda the last good one oof,Rewind 2015,YouTube Rewind: Now Watch Me 2015 | #YouTubeRewind,151641936,2899029,208570,0.5,positive
Tristan Walhain,"2:30
JOTAROOOO",Rewind 2015,YouTube Rewind: Now Watch Me 2015 | #YouTubeRewind,151641936,2899029,208570,0.0,neutral
el jonyyy Chevere ;V,With the lasts rewinds (2018 and 2019) i only watch 2 minutes from this  and i alrady feelt satisfaed,Rewind 2015,YouTube Rewind: Now Watch Me 2015 | #YouTubeRewind,151641936,2899029,208570,0.0,neutral
Phoenix,"This is my favourite rewind for some reason? üòÇ
But I was super disappointed of youtube rewind 2019...",Rewind 2015,YouTube Rewind: Now Watch Me 2015 | #YouTubeRewind,151641936,2899029,208570,-0.20833333333333334,negative
Canad√° Country Ball,"I need this , my braiin need this.",Rewind 2015,YouTube Rewind: Now Watch Me 2015 | #YouTubeRewind,151641936,2899029,208570,0.0,neutral
Flub,Sad to see YouTube rewind go from something accurate and interesting to what it is now... I miss the good times,Rewind 2015,YouTube Rewind: Now Watch Me 2015 | #YouTubeRewind,151641936,2899029,208570,0.275,positive
Sodes,Why am I randomly here again?,Rewind 2015,YouTube Rewind: Now Watch Me 2015 | #YouTubeRewind,151641936,2899029,208570,-0.5,negative
Gav Rainbow,0:43 Well that just didn't go in now did it youtube,Rewind 2015,YouTube Rewind: Now Watch Me 2015 | #YouTubeRewind,151641936,2899029,208570,0.0,neutral
Awesome Connor,Yeah I hare for nostalgia :),Rewind 2015,YouTube Rewind: Now Watch Me 2015 | #YouTubeRewind,151641936,2899029,208570,0.5,positive
Mydex TND,I heard that five nights at Freddys music and I wentüò∂ because all my memories with that game  were just me having nightmares when I was young,Rewind 2015,YouTube Rewind: Now Watch Me 2015 | #YouTubeRewind,151641936,2899029,208570,-0.15000000000000002,negative
Ker1,Still better than 2017 rewind...,Rewind 2015,YouTube Rewind: Now Watch Me 2015 | #YouTubeRewind,151641936,2899029,208570,0.5,positive
